{"VSxZHqb3dDDq9xWLWTZg2g==":"background17.jpeg","UzdY7n2v9Ikmi72Gf8iMnw==":"png-transparent-tattoo-machine-computer-icons-foam-hand-angle-logo-tattoo-thumbnail-354x354.png","GLhUvvxt6c109VGnH+WI3A==":"photo_2024-06-28%2012.59.29-960x1280.jpg","QMgV5ujFzHCwfNaDVXtjkA==":"photo_2024-06-28%2013.01.51-640x640.jpg","g+knLVB2xaJplVHnKorTHA==":"photo_2024-06-28%2013.02.30-640x640.jpg","tlHakIwA8Wf5Qc/ULE0Fdw==":"photo_2024-06-28%2015.26.31-959x1280.jpg","om315yhUTjzR1HmvqxoymA==":"photo_2024-06-28%2015.26.31-959x1280.jpeg","pQyWmHjt3YGTig6KfgTNcw==":"photo_2024-06-28%2015.26.34-851x1280.jpg","OtHm89KuRKK/xIZ9eyQL7Q==":"photo_2024-06-28%2015.26.31-959x1280.jpeg","ZZBrS49QqSWzpivj1ZV4SQ==":"photo_2024-06-28%2015.30.44-960x960.jpg","joivqs9JM16TMh5+ACyncQ==":"photo_2024-06-28%2015.30.46-960x960.jpg","tlurhQq4hdeVWDI3gPyV7w==":"photo_2024-06-28%2015.30.47-960x1280.jpg","J36cuBUCLLNaL64OfOHuoA==":"photo_2024-06-28%2015.30.48-960x960.jpg","cJDmdJmpuZyzfh2Hxca2qA==":"photo_2024-06-28%2015.30.50-960x960.jpg","wtSMf61RoFRg7wPUATg1dw==":"photo_2024-06-28%2015.30.55-960x1280.jpg","NeSjBNyWUopvmxwrQwPBUA==":"photo_2024-06-28%2015.30.54-960x960.jpg","rCM0d/prtWqjUWcw42qXow==":"photo_2024-06-28%2015.30.53-960x965.jpg","HkfOJs6MUzD/JZYFsMNGmQ==":"photo_2024-06-28%2015.30.51-960x960.jpg","+Wx8HERtL7ZeEgJZENh07Q==":"photo_2024-06-28%2015.30.57-960x960.jpg","s+SOAQKj0aRcjXsN1IH8sA==":"photo_2024-06-28%2015.31.03-960x960.jpg","3IYCpUjmaWqMillmY8HJtw==":"photo_2024-06-28%2015.31.01-960x960.jpg","UqdGQYtLtVdWnH30VHBnCg==":"photo_2024-06-28%2015.31.00-960x863.jpg","Kz3kPHE6y9G89devJ/kqpQ==":"photo_2024-06-28%2015.30.58-960x960.jpg","hHIxhmOup9clnPErWnE8ag==":"photo_2024-06-28%2015.31.04-960x960.jpg","n+Niu8WhHi2ShuWYOSkMQA==":"photo_2024-06-28%2015.31.06-960x960.jpg"}